<?xml version='1.0' encoding='UTF-8'?>
<dataset>
  <record>
    <id>1</id>
    <full_name>Loria Stamper</full_name>
    <medication>Ceftriaxone Sodium</medication>
    <email>lstamper0@redcross.org</email>
  </record>
  <record>
    <id>2</id>
    <full_name>Korie Shorbrook</full_name>
    <medication>Nedocromil Sodium</medication>
    <email>kshorbrook1@slashdot.org</email>
  </record>
  <record>
    <id>3</id>
    <full_name>Boote Harm</full_name>
    <medication>Bupropion hydrochloride</medication>
    <email>bharm2@howstuffworks.com</email>
  </record>
  <record>
    <id>4</id>
    <full_name>Morgana Busst</full_name>
    <medication>Ampicillin and Sulbactam</medication>
    <email>mbusst3@qq.com</email>
  </record>
  <record>
    <id>5</id>
    <full_name>Whittaker Keast</full_name>
    <medication>Dermablend Professional SkinPerfector Redness Reducing Primer Sunscreen</medication>
    <email>wkeast4@smh.com.au</email>
  </record>
  <record>
    <id>6</id>
    <full_name>Mario Whinney</full_name>
    <medication>Red Cross Toothache</medication>
    <email>mwhinney5@dedecms.com</email>
  </record>
  <record>
    <id>7</id>
    <full_name>Averill McGloughlin</full_name>
    <medication>Gabapentin</medication>
    <email>amcgloughlin6@businesswire.com</email>
  </record>
  <record>
    <id>8</id>
    <full_name>Dulcinea O' Clovan</full_name>
    <medication>SHISEIDO SHEER AND PERFECT FOUNDATION</medication>
    <email>do7@vk.com</email>
  </record>
  <record>
    <id>9</id>
    <full_name>Estel Thwaite</full_name>
    <medication>NAPROXEN</medication>
    <email>ethwaite8@stumbleupon.com</email>
  </record>
  <record>
    <id>10</id>
    <full_name>Gwyneth Mabson</full_name>
    <medication>Dextrose</medication>
    <email>gmabson9@trellian.com</email>
  </record>
</dataset>